Age,Annual Income,Credit Score,Experience,Loan Amount,Loan Duration,Number of Dependents,Monthly Debt Payment,Creditcard Utilizatio Rate,Number of Open Credit Lines,Number of Credit Inquries,Debt to Income Ratio,Bankruptcy History,Previous Loan Defaults,Payment History,Length of Credit History,Savings Account Balance,Checking Account Balance,Total Assets,TotalLiabilities,MonthlyIncome,UtilityBillsPaymentHistory,JobTenure,NetWorth,InterestRate,MonthlyLoanPayment,TotalDebtToIncomeRatio,LoanApproved
53,42478,552,33,10463,72,2,597,0.38350691,5,0,0.13883518,0,0,23,6,1789,3632,27296,30757,3539.833333,0.972211951,7,5996,0.221873324,264.0593693,0.243248562,0
54,25911,571,28,10751,60,4,544,0.321581429,2,1,0.308585947,0,0,18,25,4872,838,15047,65767,2159.25,0.841848082,5,5576,0.244892143,312.3447689,0.396593618,0
18,27112,432,0,32743,72,0,821,0.531712083,1,1,0.345401996,0,0,16,17,14969,2120,48699,8253,2259.333333,0.794939537,4,40446,0.378835977,1157.134465,0.875539008,0
35,54015,612,14,13313,60,3,298,0.196420715,1,2,0.245499484,0,0,25,6,13453,143,80818,3399,4501.25,0.754604368,4,77419,0.202899402,354.8642569,0.145040657,0
35,32033,585,10,24194,12,2,302,0.4480198,4,1,0.359984157,0,0,23,21,3257,162,127782,80487,2669.416667,0.910957304,5,47295,0.225888348,2271.284384,0.963987532,0
23,52574,521,0,8404,60,1,445,0.363023486,8,0,0.327206977,0,0,23,6,2647,978,18865,18144,4381.166667,0.798891993,5,2994,0.274728608,258.9993435,0.160687643,0
30,47517,514,6,23102,60,2,288,0.477329178,5,1,0.167915579,0,0,25,22,1067,3491,137641,30276,3959.75,0.91589531,5,107365,0.288116721,730.6541871,0.257252146,0
26,15000,580,5,10046,72,2,1281,0.047381244,4,1,0.358420708,0,0,28,10,2588,384,36877,19060,1250,0.909070047,3,17817,0.230965895,258.9972354,1.231997788,0
61,113474,584,39,14794,48,1,216,0.017973138,2,0,0.314797894,1,0,19,7,2338,1939,83363,13592,9456.166667,0.772287084,6,69771,0.23700414,479.8646222,0.073588447,0
51,49531,658,28,29662,84,0,320,0.47467632,4,0,0.425666632,0,0,33,3,2483,1026,40624,10232,4127.583333,0.802107563,9,30392,0.225302738,704.6044459,0.248233497,0
48,30046,605,27,13814,60,1,134,0.067297155,6,1,0.521968331,0,0,19,22,3072,910,12542,22641,2503.833333,0.948366161,4,6190,0.227044798,387.0813033,0.208113414,0
26,28744,544,3,12170,84,2,530,0.25537401,1,1,0.33532474,0,0,17,1,7807,22896,126313,84869,2395.333333,0.918216082,7,41444,0.24999754,308.0406948,0.349863914,0
33,20725,495,10,18023,120,4,968,0.498130211,2,5,0.173394375,0,0,28,15,2067,401,30961,86942,1727.083333,0.982453836,3,10017,0.358096947,554.0925037,0.881308084,0
45,25324,553,20,14075,60,2,596,0.300854677,6,2,0.138241945,0,1,22,22,1118,26657,168916,24125,2110.333333,0.849335557,4,144791,0.232067225,398.4543536,0.471230937,0
25,21031,564,1,33692,24,1,659,0.138322848,4,1,0.507922699,0,0,23,2,2865,1426,21469,112864,1752.583333,0.804408293,5,1386,0.24894973,1796.418321,1.401027999,0
48,74876,615,29,26826,12,2,385,0.1315828,2,1,0.268682345,0,0,23,27,9915,1473,11388,36316,6239.666667,0.745557422,8,8630,0.186741475,2468.022425,0.457239557,0
37,25003,613,15,17505,36,0,905,0.29665228,0,3,0.155350856,0,0,18,27,1203,570,23530,7224,2083.583333,0.897655696,7,16306,0.222776152,671.040547,0.756408694,0
35,67123,570,14,25746,48,1,440,0.138773032,1,1,0.24868244,0,0,23,25,2825,668,36682,15561,5593.583333,0.869668843,3,21121,0.233421968,830.0316543,0.22705153,0
48,62946,603,24,16992,60,1,604,0.096324971,2,2,0.35036805,0,0,22,25,5850,937,19775,69475,5245.5,0.681118811,6,9088,0.212950098,462.5150093,0.20331999,0
45,73372,615,21,40928,36,2,434,0.04312378,3,1,0.387337707,0,0,31,24,1249,1274,72078,71234,6114.333333,0.628461829,3,1878,0.189416978,1499.051409,0.316150806,0
35,19084,455,12,20050,60,5,414,0.347283172,2,1,0.360336528,0,0,19,19,1005,2158,85927,122204,1590.333333,0.733893405,7,4507,0.245611578,583.346817,0.627130675,0
27,28965,562,4,13218,36,2,223,0.449426148,2,3,0.297295293,0,0,34,3,739,582,198242,14731,2413.75,0.771388635,6,183511,0.243891266,521.2842986,0.308351859,0
47,15000,609,24,8882,48,0,307,0.315611944,7,0,0.236382587,0,1,30,14,1060,586,238276,7517,1250,0.774986357,7,230759,0.221946094,280.7762307,0.470220985,0
36,35542,614,16,14225,120,3,760,0.021309694,4,1,0.230790219,0,0,25,23,4678,2619,58994,7729,2961.833333,0.797590524,9,51265,0.269159842,343.0153867,0.372409674,0
24,41674,545,0,18773,48,1,115,0.41322248,3,2,0.496725844,0,1,25,4,2053,559,24372,53978,3472.833333,0.803144175,2,1129,0.258043423,630.9102404,0.214784347,0
51,48370,598,28,18301,12,3,369,0.045257395,3,1,0.195907228,0,0,20,7,1463,548,81606,27813,4030.833333,0.913274316,3,53793,0.173251336,1671.963277,0.506337799,0
37,51737,499,14,34832,60,2,723,0.027337668,2,0,0.351913929,0,0,27,8,3947,178,51075,4705,4311.416667,0.655214744,9,46370,0.288451048,1102.350439,0.423376022,0
33,28795,544,8,9774,12,4,504,0.361512294,7,0,0.432269261,0,0,19,16,1882,5946,89481,18275,2399.583333,0.780133093,3,71206,0.212890753,911.4505961,0.58987349,0
31,43385,518,12,25064,48,1,244,0.229128169,6,1,0.391490879,0,0,30,19,1128,1178,203827,48321,3615.416667,0.640686478,5,155506,0.260043824,845.1523779,0.301252242,0
23,51536,468,0,51461,36,0,346,0.379929035,3,1,0.253609341,0,0,31,18,2526,3791,11274,24015,4294.666667,0.735772165,10,1705,0.275631712,2116.48532,0.573382176,0
21,24309,571,0,19833,60,4,146,0.182044724,6,1,0.236488002,0,0,26,13,1570,1964,9788,16743,2025.75,0.811169276,6,5464,0.283648333,621.8892619,0.37906418,0
47,49015,586,28,14181,36,1,448,0.338936705,5,1,0.371161543,0,0,30,12,6434,128,56994,29616,4084.583333,0.822685474,3,27378,0.194329912,522.9287428,0.237705701,0
24,19472,568,1,41426,60,1,711,0.308585643,1,1,0.453868011,0,1,24,4,4113,692,50657,39652,1622.666667,0.854103271,5,11005,0.242253041,1197.165404,1.175944168,0
61,55285,572,39,18458,48,0,324,0.424806862,3,3,0.661684112,0,0,24,25,4639,1737,11400,12790,4607.083333,0.884769304,8,4622,0.232221703,593.8551047,0.199226938,0
18,35163,508,0,22210,24,1,190,0.334822337,2,0,0.481866675,0,1,26,11,3303,2282,56390,9517,2930.25,0.745892425,1,46873,0.256977941,1193.171554,0.472031927,0
60,88183,594,38,26181,60,0,433,0.328674964,5,1,0.240427461,0,0,17,29,7167,1114,28093,7417,7348.583333,0.883867916,1,20676,0.258055843,780.8609007,0.165182981,0
38,46023,513,17,11123,96,3,438,0.441002363,6,5,0.767775329,0,0,20,1,2699,705,58283,4818,3835.25,0.878379754,8,53465,0.271982526,285.2841401,0.188588525,0
44,55320,650,20,35561,72,1,485,0.124014874,3,0,0.158259187,0,0,18,23,1118,1041,75809,238240,4610,0.887210106,5,1841,0.221245756,896.1416626,0.29959689,0
39,53023,471,17,34505,48,0,595,0.242914413,2,2,0.68470479,0,0,20,19,1328,1186,40126,4123,4418.583333,0.592117542,0,36003,0.285205148,1212.872453,0.409152056,0
53,44932,525,29,28847,120,0,622,0.335696904,4,0,0.115002283,0,1,23,14,908,158,127302,19473,3744.333333,0.833537307,1,107829,0.340461869,847.9788544,0.392587605,0
41,37463,492,23,21212,36,0,308,0.15422712,2,1,0.305202422,0,0,34,6,3281,1143,228267,13651,3121.916667,0.918191703,5,214616,0.2081696,797.1714177,0.354004138,0
41,30683,561,20,35386,60,3,944,0.38707894,3,1,0.781882138,0,0,30,22,4890,336,64226,33893,2556.916667,0.615641898,7,30333,0.25284835,1044.543285,0.777711417,0
35,31372,564,11,27734,36,1,954,0.098332304,4,1,0.337623778,0,1,24,29,1189,202,593233,12432,2614.333333,0.822287485,2,580801,0.222421861,1062.651984,0.771382883,0
39,85830,606,17,19542,72,0,445,0.294698017,0,1,0.190400485,0,0,17,23,2484,2810,26672,31028,7152.5,0.764711661,8,1193,0.2778504,560.2877672,0.140550544,0
43,51578,620,19,15303,72,1,727,0.293902992,4,2,0.27839108,0,0,28,5,2049,441,122500,3867,4298.166667,0.909781605,9,118633,0.216215635,381.0751309,0.257801806,0
19,86738,580,0,18835,36,0,279,0.296815327,4,2,0.492950736,0,0,18,11,2471,1510,38067,12157,7228.166667,0.794355321,5,25910,0.236041943,735.0421616,0.140290368,0
23,15706,570,0,29279,60,3,556,0.243549806,3,0,0.140932168,0,0,40,4,4199,739,140557,68340,1308.833333,0.562702229,5,72217,0.296917794,941.7394791,1.144331704,0
42,171451,586,21,20759,36,0,823,0.294546257,0,3,0.605183531,0,0,28,3,3818,1068,12087,12172,7206.166667,0.798133285,5,7109,0.220853019,793.7119899,0.224351179,0
37,46599,623,13,9828,96,3,407,0.272767492,2,1,0.133793638,0,1,30,17,991,9956,19615,12133,3883.25,0.737605891,7,7482,0.2799936,257.4369394,0.171103313,0
40,52700,616,15,20163,60,3,344,0.263310538,4,2,0.086998706,0,0,21,16,3509,1481,26859,6336,4391.666667,0.605277854,2,20523,0.21846167,555.1180127,0.204732754,0
44,59304,553,19,20991,24,1,613,0.197810494,6,1,0.407403883,0,0,24,5,958,2530,53037,2241,4942,0.576597845,6,50796,0.24751792,1117.709166,0.350204202,0
33,26725,582,6,18286,96,2,323,0.369082862,5,1,0.221974568,0,1,15,23,3902,1011,259363,28480,2227.083333,0.949064254,4,230883,0.237105876,426.4964042,0.336537207,0
30,48513,497,5,9261,84,0,410,0.271891352,5,0,0.481495186,0,0,22,3,680,1502,58396,118769,4042.75,0.737708747,4,6492,0.273787375,248.6770462,0.162927969,0
28,15000,580,5,13923,24,0,358,0.62558286,3,2,0.215441702,0,1,22,4,1288,984,58113,4580,1250,0.713355396,6,53533,0.201413405,709.5839771,0.854067182,0
44,55446,590,22,13197,48,3,489,0.336492428,0,0,0.120535012,0,0,23,24,1587,2095,167291,1766,4620.5,0.852241719,3,165525,0.224174042,418.781991,0.196468346,0
19,15516,498,0,13470,108,0,543,0.131025463,5,3,0.394539164,0,1,18,19,605,1202,31026,11944,1293,0.913817852,4,19082,0.371364,432.9596845,0.75480254,0
51,45528,638,31,17096,60,0,363,0.156321237,6,2,0.192511367,0,0,16,27,2334,571,45252,6611,3794,0.587690095,7,38641,0.221273638,473.4117575,0.220456446,0
59,55537,663,36,14809,24,0,730,0.539658422,6,1,0.388480012,0,0,17,24,7358,1150,56249,36369,4628.083333,0.510984866,6,19880,0.157353618,723.2235526,0.314001164,0
52,15000,607,31,35718,48,2,322,0.164987784,2,0,0.048612187,0,0,31,20,6560,808,444935,21894,1250,0.821593965,3,423041,0.225266316,1135.570851,1.16605668,0
18,50277,547,0,25015,24,1,399,0.172264051,3,0,0.186453872,0,0,26,8,2385,1096,189786,10830,4189.75,0.920439512,7,178956,0.217242284,1294.327916,0.404159655,0
24,19419,582,0,21061,60,3,406,0.268080782,5,0,0.176515169,0,0,20,8,2226,412,31724,31378,1618.25,0.836089099,6,1868,0.246943237,614.3996445,0.630557482,0
32,16454,552,8,13676,60,4,615,0.346702864,3,4,0.150654065,0,0,18,15,2311,584,491840,2366,1371.166667,0.887361918,7,489474,0.205541804,366.560286,0.715857751,0
40,50892,541,17,31932,36,3,463,0.353392505,3,1,0.17067303,0,1,23,15,3269,1632,23742,34916,4241,0.915467314,6,5371,0.272171295,1307.353281,0.417437699,0
46,30021,640,24,11193,72,1,362,0.387299005,2,1,0.195216347,0,0,27,6,2595,471,43229,24020,2501.75,0.929264602,5,19209,0.185311568,258.6599773,0.248090328,0
31,22613,429,11,20767,84,0,420,0.079717886,8,1,0.179825564,0,0,28,15,7391,769,47585,80610,1884.416667,0.933762814,4,1711,0.32144139,624.0231163,0.554029868,0
42,58939,605,22,27757,60,0,395,0.114376177,1,3,0.739994414,0,0,27,11,3315,664,26274,42936,4911.583333,0.74709679,8,2195,0.24664365,809.2519782,0.245186103,0
30,81960,634,9,158686,96,1,1269,0.418233345,5,2,0.439739734,0,0,29,18,3698,539,20061,27339,6830,0.81622224,8,8738,0.333554106,4752.743035,0.881660766,0
28,73344,549,3,36647,48,0,894,0.160676865,2,0,0.197436508,0,0,19,11,2473,333,225765,47971,6112,0.811895821,4,177794,0.278369677,1273.810222,0.354680992,0
23,50306,570,4,31777,96,1,796,0.040282623,4,0,0.216560787,0,0,27,20,2023,1185,7755,32847,4192.166667,0.860835735,5,7617,0.33257119,949.5012837,0.416372111,0
28,35170,593,7,28062,48,3,352,0.359725688,5,0,0.403909887,0,0,31,16,762,590,84392,19827,2930.833333,0.715485554,3,64565,0.254415166,937.3790236,0.439935976,0
52,37319,606,31,41229,48,0,284,0.254169347,3,0,0.328779858,0,0,32,6,3407,1174,63718,5823,3109.916667,0.814537738,3,57895,0.245077046,1355.739265,0.52726148,0
28,56890,601,10,39044,60,1,242,0.110057796,4,0,0.206824837,0,1,27,9,1537,1012,20565,24179,4740.833333,0.876246945,4,2944,0.23851156,1119.845797,0.287258737,0
71,27977,613,47,6024,60,4,210,0.114064814,1,0,0.244814208,0,0,24,22,12015,1861,13876,36653,2331.416667,0.874947922,5,5690,0.188833337,155.879428,0.15693438,0
45,51939,601,23,8956,60,2,335,0.13364358,1,0,0.093253983,0,0,22,4,10193,347,43043,16415,4328.25,0.613107543,11,26628,0.200277429,237.4174937,0.132251486,0
42,37251,502,20,30021,84,5,684,0.322387216,5,2,0.185972384,0,0,27,9,815,444,9371,70207,3104.25,0.756138281,5,9376,0.344328821,949.6334917,0.526257064,0
29,25606,456,4,18322,60,1,260,0.372417121,3,1,0.293294194,0,0,28,20,351,220,129408,14386,2133.833333,0.895157595,8,115022,0.323554987,619.5587981,0.412196578,0
48,29047,557,25,27694,36,0,321,0.328429795,2,1,0.097355861,1,0,18,15,2016,485,197905,17635,2420.583333,0.894121724,3,180270,0.27515451,1138.285694,0.602865299,0
33,77016,562,11,21197,72,4,457,0.346434144,4,3,0.204301583,0,1,23,10,2439,4913,165600,22601,6418,0.718940775,4,142999,0.221616396,534.6341681,0.154508284,0
41,27639,573,17,40102,48,0,660,0.100990862,4,1,0.489337436,0,0,20,19,9478,547,68628,82102,2303.25,0.951174998,2,8939,0.223051811,1270.110235,0.837994241,0
70,49095,618,45,29204,48,3,387,0.674683586,5,0,0.179036064,0,0,20,25,2226,1002,38881,56095,4091.25,0.697926369,7,2353,0.23530804,944.5446988,0.325461582,0
38,30741,516,15,13478,96,0,420,0.333387618,2,1,0.211155249,0,0,19,16,15372,815,235212,46119,2561.75,0.581932636,5,189093,0.273306359,346.8977244,0.29936478,0
31,116429,560,9,28533,36,3,498,0.16490377,1,0,0.330723337,0,1,17,25,8144,204,98736,221728,9702.416667,0.839198782,5,8095,0.273676385,1170.500802,0.171967548,0
39,79670,558,17,15451,60,3,964,0.403320804,4,2,0.461375574,0,0,24,22,1861,1056,76387,55005,6639.166667,0.904810013,7,21382,0.285680856,486.3887044,0.218459451,0
61,54232,633,38,11331,120,4,190,0.250202807,1,1,0.193759481,0,0,20,7,6108,580,37936,52044,4519.333333,0.9530728,3,8745,0.24578627,254.4136992,0.098336119,0
32,54696,524,11,28156,72,2,667,0.220041674,1,1,0.300347927,0,0,20,10,682,9425,40449,63119,4558,0.595562922,4,8584,0.244058364,748.2102023,0.310489294,0
61,42007,666,40,23732,60,1,571,0.05004571,2,0,0.061887898,0,0,28,1,1868,1144,76294,17977,3500.583333,0.672803677,2,58317,0.190541246,616.328149,0.339180084,0
48,59809,563,23,36871,84,0,730,0.299172259,2,0,0.194599333,0,0,27,18,2331,8880,125353,4616,4984.083333,0.837278761,2,120737,0.265232027,969.4711796,0.340979688,0
33,15000,504,6,13950,36,0,713,0.138458329,1,2,0.181788211,0,0,18,21,4972,2416,365895,24822,1250,0.821036937,1,341073,0.254158566,557.7223593,1.016577887,0
47,45958,500,21,25771,24,3,554,0.319221997,3,1,0.148211124,0,0,24,20,15317,3291,78640,76188,3829.833333,0.813119441,1,2452,0.247039701,1371.612674,0.502792813,0
47,71889,625,27,19816,12,2,1329,0.508777639,3,1,0.430962075,0,0,22,12,2535,572,70986,83064,5990.75,0.523693488,5,7490,0.156543184,1794.682705,0.521417636,0
21,45106,455,1,30684,96,3,339,0.070282315,2,2,0.505871845,0,0,24,13,740,2487,26402,2945,3758.833333,0.859014176,8,23457,0.290231817,825.3510887,0.309763957,0
31,68799,580,8,25926,24,1,329,0.380858226,2,1,0.31568873,1,0,20,26,6440,220,165325,8318,5733.25,0.914073776,3,157007,0.178939618,1293.004331,0.282911844,0
37,42069,635,19,20705,48,2,455,0.532415251,3,1,0.284974971,0,0,21,7,2097,1937,26586,239659,3505.75,0.454891704,6,7247,0.21240017,643.8206689,0.313433836,0
39,64729,541,18,10316,48,0,270,0.248590481,2,0,0.348730983,0,1,19,26,1766,403,9391,15220,5394.083333,0.686376703,5,1977,0.207387293,317.9942002,0.109007252,0
47,51784,571,22,19531,36,1,553,0.045834258,2,1,0.294435552,0,0,32,13,9122,1459,24805,8035,4315.333333,0.652460333,10,16770,0.25352666,780.1967325,0.308944091,0
23,72549,531,2,12297,36,2,533,0.24722827,3,1,0.352140975,1,1,21,2,1345,493,36160,82106,6045.75,0.798915148,5,8233,0.262597895,497.1571116,0.170393601,0
44,24268,537,22,7259,60,1,971,0.165886673,6,0,0.259301096,0,0,26,26,3351,807,97564,5729,2022.333333,0.931765016,10,91835,0.210873532,196.7372029,0.577420737,0
46,29905,606,22,43729,48,1,307,0.311277702,2,0,0.307445341,0,0,26,11,1496,1023,150083,17794,2492.083333,0.768594566,5,132289,0.208793244,1351.262162,0.665412003,0
50,33001,603,28,15780,36,1,173,0.196675356,2,2,0.385625796,0,0,24,1,2189,354,85784,7220,2750.083333,0.962775531,6,78564,0.183910692,573.585286,0.271477332,0
45,48423,566,24,30357,96,0,523,0.429940477,2,1,0.48514482,0,0,22,14,628,407,65613,7997,4035.25,0.708134305,7,57616,0.332104447,906.0562018,0.354143164,0
20,64133,555,0,30437,60,0,397,0.571236429,3,0,0.114994601,0,0,25,26,4167,849,109420,8763,5344.416667,0.669219552,3,100657,0.240488685,876.4741385,0.238281223,0
45,63143,491,23,23351,48,5,1099,0.468659747,0,0,0.2627266,0,0,21,20,9378,346,68582,10682,5261.916667,0.918740551,3,57900,0.272635133,804.022074,0.361659485,0
42,72691,600,22,18465,36,1,329,0.111685148,5,2,0.097111049,1,1,26,26,5317,2928,21065,19797,6057.583333,0.832344289,10,1268,0.189750372,676.6203836,0.166010161,0
43,48897,576,19,22685,60,1,731,0.191809282,1,0,0.256752553,0,1,30,21,2640,4403,90452,72451,4074.75,0.941590363,5,18001,0.204351007,606.5188872,0.328245632,0
24,45421,492,1,68603,60,0,142,0.392629446,6,2,0.319270468,0,0,32,1,8969,603,9572,11197,3785.083333,0.737368983,3,9718,0.305659776,2243.448585,0.630223532,0
27,19179,572,3,21655,12,2,449,0.013632537,1,1,0.429848002,0,0,28,11,4999,348,85325,87153,1598.25,0.910012916,7,2619,0.20658011,2012.82616,1.540326081,0
39,43332,581,20,51171,120,3,300,0.162472505,2,1,0.743516417,0,0,21,25,4552,431,41008,35347,3611,0.736054,5,5661,0.270720838,1239.66134,0.426380875,0
48,37298,586,25,26536,24,4,200,0.472537803,1,1,0.523669112,0,0,24,23,672,3352,22614,39576,3108.166667,0.976568263,4,1029,0.183920062,1329.817575,0.492192903,0
40,15000,648,19,13830,24,0,660,0.57745015,1,2,0.36818526,0,1,31,7,2615,437,38306,30536,1250,0.605550128,4,7770,0.170681427,684.2394253,1.07539154,0
51,43453,548,31,56245,48,2,582,0.485372827,5,0,0.178633162,0,1,20,5,10243,649,36077,106506,3621.083333,0.748196048,11,4671,0.221796,1777.548,0.651613836,0
33,15000,588,11,16285,24,5,587,0.105206006,2,1,0.15286887,0,0,24,2,672,1369,242574,5497,1250,0.893883063,5,237077,0.187973631,819.301942,1.125041554,0
41,71226,611,15,50357,84,0,565,0.08490839,3,0,0.042004609,0,0,32,10,427,512,29351,24899,5935.5,0.656407625,8,4452,0.243914567,1255.090833,0.306644905,0
34,33129,605,13,13656,12,4,348,0.284525436,5,1,0.276945342,0,0,27,15,32179,4334,88684,22035,2760.75,0.948601547,6,66649,0.162148333,1240.409336,0.575354283,0
34,15000,572,14,13696,36,2,181,0.131287867,5,1,0.273595628,0,0,28,1,2624,3533,159321,8851,1250,0.884723341,3,150470,0.244955473,540.9031659,0.577522533,0
42,20396,618,19,16268,48,0,331,0.580199074,2,1,0.439576965,0,1,24,12,7792,3633,30520,64808,1699.666667,0.732362473,4,2468,0.18613118,483.1002119,0.478976395,0
55,29138,597,31,39608,60,1,800,0.225911489,5,0,0.396273357,0,0,20,23,481,961,110872,28363,2428.166667,0.867547296,2,82509,0.272144793,1214.525802,0.829648899,0
29,27005,507,2,27166,108,3,775,0.06570654,2,0,0.490136451,0,0,25,17,1539,1361,127938,7045,2250.416667,0.789155268,2,120893,0.337966023,805.2014436,0.702181719,0
37,15207,594,19,32985,96,2,821,0.359977218,5,1,0.258430146,0,0,27,21,5411,584,70536,9075,1267.25,0.872567136,6,61461,0.216788,726.062078,1.220802587,0
42,38834,597,20,10322,96,3,483,0.229206592,3,0,0.683023445,0,0,30,8,2529,189,99670,4756,3236.166667,0.954622034,9,94914,0.252135277,250.9738475,0.226803476,0
52,56692,630,28,15615,84,0,367,0.125750051,8,1,0.645564708,0,0,25,17,2779,357,74886,308451,4724.333333,0.654530029,0,8286,0.210683013,356.863666,0.153220278,0
22,15000,581,0,43357,72,1,520,0.299022696,2,3,0.300485844,0,0,29,4,1249,647,95215,16862,1250,0.860269969,6,78353,0.254449204,1179.780041,1.359824032,0
50,40812,593,26,21270,24,0,390,0.417024788,3,0,0.120868967,0,0,21,3,949,800,90018,7694,3401,0.548348,2,82324,0.225002568,1108.70996,0.440667439,0
52,33338,555,27,38371,36,4,322,0.37474324,8,1,0.288206589,0,0,17,14,1152,773,30081,2983,2778.166667,0.556336489,9,27098,0.271683278,1569.971504,0.681014399,0
33,34553,539,11,19956,36,4,213,0.275390858,3,0,0.814525838,0,0,23,23,258,969,12285,80419,2879.416667,0.921087986,6,2429,0.18857172,730.0672469,0.327520243,0
56,23603,570,33,22466,72,4,682,0.124495695,6,1,0.149246059,0,0,28,19,2060,1883,32007,15824,1966.916667,0.87559298,8,16183,0.288893687,659.8678287,0.682218953,0
67,18459,650,46,17136,36,0,350,0.342844846,6,0,0.3317652,0,0,21,19,4339,2367,223885,11862,1538.25,0.693145537,4,212023,0.1417088,587.0910688,0.609192959,0
35,74615,517,13,49596,36,4,685,0.345775818,2,3,0.468630485,0,0,25,29,722,816,55762,27763,6217.916667,0.832755956,2,27999,0.268740837,2021.41852,0.435261305,0
57,30818,583,35,17983,72,1,270,0.159521908,3,0,0.273793038,0,0,20,14,3456,750,10284,7737,2568.166667,0.790946702,5,2547,0.281937989,520.2394302,0.307705664,0
58,68197,624,33,14951,36,1,968,0.216114029,1,4,0.205233726,0,0,23,18,17069,1342,71255,10851,5683.083333,0.837781584,4,60404,0.202766417,557.7424152,0.268470886,0
33,89571,607,11,27079,24,1,865,0.219239543,8,0,0.230233635,0,0,32,13,1628,1380,110836,49687,7464.25,0.827186627,8,61149,0.223275352,1409.192323,0.304677941,0
34,45732,532,13,19673,36,3,578,0.087321054,6,1,0.330068323,0,0,22,8,2432,303,40789,7960,3811,0.670004538,5,32829,0.258036767,790.5813955,0.35911346,0
23,33437,436,0,42900,120,3,683,0.236792892,0,0,0.307900094,0,0,28,7,984,521,47233,9764,2786.416667,0.773054863,7,37469,0.446787321,1617.38761,0.825572011,0
28,26069,545,8,16096,72,0,263,0.422844132,2,0,0.378176567,0,0,29,23,11491,2480,468970,14950,2172.416667,0.870444409,8,454020,0.303282618,487.6460888,0.345535044,0
27,74431,544,5,31846,60,0,426,0.180844009,3,2,0.409426776,0,0,31,14,4840,226,58063,71842,6202.583333,0.499281505,9,7235,0.29741804,1025.28141,0.233980155,0
39,32733,583,16,21862,48,0,560,0.190502379,2,1,0.046627766,0,0,17,17,2762,1441,48362,2346,2727.75,0.725540498,0,46016,0.209428835,676.3005832,0.453230898,0
42,80482,592,20,31840,36,3,272,0.281253125,3,0,0.408253687,0,0,27,10,3068,1001,19317,52918,6706.833333,0.870044203,3,10863,0.19936706,1182.261905,0.216832868,0
58,64098,596,36,18325,48,2,221,0.30707915,2,1,0.466409942,0,0,29,28,688,269,13725,7798,5341.5,0.502880235,4,5927,0.236239551,593.6254277,0.152508739,0
28,34929,618,8,10886,60,0,276,0.161638773,2,1,0.214925549,0,0,37,9,1483,1514,47087,248579,2910.75,0.787537406,5,10188,0.230687324,307.3115029,0.200399039,0
51,88713,612,30,33527,36,3,419,0.237441587,2,1,0.581322751,0,0,24,5,2949,838,182225,9542,7392.75,0.673485725,7,172683,0.212448303,1267.350419,0.228108677,0
44,47455,555,19,30984,36,1,658,0.367403753,3,0,0.129624413,0,0,21,6,2400,4629,279860,14300,3954.583333,0.879923212,4,265560,0.265557248,1257.555053,0.484388592,0
43,127268,570,18,19685,36,1,983,0.615422066,4,1,0.120685222,0,0,14,2,3465,1866,55024,51388,10605.66667,0.966419861,5,3636,0.233752111,765.8558393,0.164898247,0
69,58314,657,48,24095,60,0,518,0.424607235,5,0,0.610313033,0,1,25,20,844,670,19796,5962,4859.5,0.966507891,2,13834,0.19676909,634.0462378,0.237070941,0
32,37582,600,12,15695,24,2,565,0.084407225,6,2,0.280509395,0,0,24,9,2579,153,54628,50428,3131.833333,0.82577081,8,4200,0.170640836,776.4797011,0.428336874,0
33,28582,574,9,26296,24,3,618,0.248163396,1,0,0.189867278,0,0,29,4,4837,535,55766,13820,2381.833333,0.939127133,3,41946,0.196540236,1333.91578,0.819501412,0
32,23166,617,12,19527,96,0,496,0.28045341,2,1,0.113031434,1,0,26,20,964,2859,142645,26172,1930.5,0.836171093,11,116473,0.257809339,482.1775769,0.506696492,0
54,23940,608,29,49492,36,2,737,0.441963926,3,2,0.278862785,0,0,27,24,1710,666,63646,13768,1995,0.9767791,5,49878,0.202046706,1844.46541,1.293967624,0
57,23755,646,35,103005,60,2,337,0.071154117,3,1,0.19886726,0,1,28,10,4214,2349,18980,88302,1979.583333,0.711285653,7,7450,0.276227634,3183.744021,1.778527815,0
33,40520,598,12,39544,60,3,641,0.156859596,4,1,0.636102751,0,0,19,10,1173,459,61600,81143,3376.666667,0.904237663,2,9573,0.207154587,1063.478316,0.504781338,0
30,27374,580,7,10165,48,2,469,0.375751796,2,1,0.097054494,0,0,25,10,4627,1487,336607,60272,2281.166667,0.856332889,3,276335,0.215086042,317.5536579,0.34480324,0
42,15265,606,20,10643,60,1,298,0.574049452,2,1,0.676942493,0,0,28,10,1170,385,60340,24728,1272.083333,0.882420974,1,35612,0.205157179,285.0371284,0.458332495,0
21,24137,581,0,6638,12,0,591,0.280758595,5,0,0.521544534,0,0,21,18,6776,927,43691,20894,2011.416667,0.689849317,4,22797,0.178421518,608.0732438,0.596133692,0
32,32430,618,11,30982,120,2,516,0.118043988,1,1,0.506227092,0,0,21,23,13970,3240,91917,32126,2702.5,0.824537849,4,59791,0.256278553,718.5785732,0.456828334,0
35,54570,613,16,19713,72,0,299,0.166989049,3,0,0.336963878,0,0,33,11,4881,3141,190993,10186,4547.5,0.962117373,7,180807,0.234584456,512.5193329,0.178453949,0
43,32428,613,20,36881,24,1,684,0.487234548,2,0,0.123820596,0,1,24,22,7958,550,43126,46879,2702.333333,0.906522509,5,4841,0.216474375,1906.903107,0.958765181,0
47,52245,518,23,10408,60,4,290,0.627780282,3,1,0.483365764,0,0,15,13,6228,631,10198,38548,4353.75,0.851079936,5,1398,0.237119609,297.67942,0.134982353,0
37,23976,624,16,19266,72,1,276,0.154142656,1,1,0.234551129,0,0,23,26,2077,2235,79253,12581,1998,0.754296648,4,66672,0.21702656,480.685444,0.378721443,0
30,23899,607,6,19929,36,3,547,0.266301489,2,1,0.581551621,0,0,22,12,484,536,24475,34534,1991.583333,0.782371781,5,1144,0.229537687,770.965916,0.661767898,0
23,15000,502,0,21632,60,1,299,0.371085634,1,2,0.183875273,0,0,32,7,4300,1696,5996,13868,1250,0.466824578,3,6092,0.232393627,612.7948464,0.729435877,0
31,55298,612,8,39861,60,2,513,0.685893362,2,0,0.312081384,0,1,17,5,3668,2836,140948,14656,4608.166667,0.847912952,2,126292,0.253520401,1178.21423,0.367003703,0
39,57555,561,13,32552,60,1,209,0.116095206,4,4,0.375362796,0,0,17,21,1489,510,148130,16924,4796.25,0.702121002,3,131206,0.290629088,1034.508414,0.259266805,0
42,124912,640,20,47202,72,1,419,0.382410694,2,1,0.11122458,0,0,21,21,1213,5844,101344,4189,10409.33333,0.758504407,5,97155,0.259033143,1297.777003,0.164926701,0
54,28950,582,30,13141,96,3,461,0.521531283,6,1,0.47102579,0,1,27,26,3440,1379,83708,12763,2412.5,0.742395284,4,70945,0.260868568,327.1826714,0.326707843,0
33,38575,581,9,19538,12,1,247,0.091500541,6,2,0.277550857,0,0,23,11,2524,1489,84226,3168,3214.583333,0.813269075,7,81058,0.207541176,1816.952059,0.642058969,0
34,31385,492,8,9246,48,0,145,0.04175875,7,1,0.264979809,0,0,24,27,696,304,24937,92699,2615.416667,0.816072334,6,3633,0.263540683,313.5948386,0.175342937,0
48,26375,604,30,26134,84,2,440,0.140323744,0,2,0.231473616,0,0,20,10,3359,1377,179031,16024,2197.916667,0.881509818,6,163007,0.24903667,659.885486,0.500421833,0
62,21647,624,39,26478,60,0,322,0.507549659,8,0,0.271007616,0,0,26,6,478,3515,20585,31903,1803.916667,0.866303729,5,1784,0.238625302,759.6069142,0.599588071,0
47,30729,573,24,9246,84,1,673,0.122778327,1,1,0.103662223,0,0,21,8,1703,574,11674,8038,2560.75,0.957042913,0,3636,0.221234954,217.3019051,0.347672325,0
35,45694,556,14,17886,60,1,468,0.086119099,1,1,0.470700828,0,1,26,24,5350,2476,85243,2692,3807.833333,0.846319435,5,82551,0.260454117,535.996193,0.263666002,0
47,16805,484,24,38653,72,0,781,0.112294832,2,0,0.352469459,0,0,24,13,1090,572,19023,73322,1400.416667,0.779195581,3,10914,0.325996592,1228.380293,1.4348446,0
53,52961,622,29,42613,24,1,508,0.080979435,3,2,0.350348979,0,0,26,16,1609,6339,164122,175655,4413.416667,0.767194125,5,4112,0.223722999,2218.526124,0.617781263,0
49,29798,621,28,18538,72,0,550,0.161980115,2,0,0.294522663,0,0,18,14,2667,441,90214,50815,2483.166667,0.882994087,5,39399,0.194008494,437.6228248,0.397727159,0
46,21626,588,24,41310,48,1,237,0.195923954,4,0,0.394839079,0,0,22,29,3950,2520,160131,89202,1802.166667,0.700610943,3,70929,0.232092108,1328.785882,0.868835225,0
52,78977,595,27,19339,36,1,600,0.080670612,4,0,0.176449819,0,0,24,1,572,583,15628,153664,6581.416667,0.946205077,5,5433,0.207035307,725.6576891,0.201424367,0
54,38014,496,33,22825,48,2,157,0.381829459,1,2,0.082154759,0,0,15,9,6788,6194,69925,66134,3167.833333,0.731381013,6,3791,0.243661399,748.7645529,0.28592557,0
47,57319,586,29,16782,48,1,625,0.192966533,2,1,0.229068981,0,0,26,13,1939,3623,83307,7037,4776.583333,0.720474259,5,76270,0.2625384,568.2431346,0.249811016,0
37,39729,550,17,22615,120,3,772,0.591915363,3,3,0.381948458,0,0,17,24,482,255,71515,39812,3310.75,0.988523907,6,31703,0.32667808,641.1914689,0.426849345,0
41,81914,547,18,37632,48,5,374,0.394771844,3,0,0.17235869,0,0,21,15,671,358,176730,15959,6826.166667,0.713781639,3,160771,0.271234355,1292.749707,0.244170673,0
54,66964,592,29,36730,36,1,352,0.321632819,5,0,0.042148288,0,0,21,4,18222,372,130469,20705,5580.333333,0.778653539,5,109764,0.201841962,1368.468076,0.308309195,0
30,51426,633,10,29377,60,2,245,0.232114576,8,1,0.513989243,0,0,30,19,817,2054,62958,23139,4285.5,0.672060267,12,39819,0.223880719,817.8559349,0.248012119,0
44,51497,592,21,26464,96,1,222,0.123925918,3,0,0.192237624,0,0,28,21,5081,398,103852,67029,4291.416667,0.816127691,11,36823,0.212863486,575.9178495,0.185933437,0
35,69649,558,13,22969,24,1,256,0.407009847,2,4,0.371416466,0,0,24,29,3011,4044,45756,134827,5804.083333,0.68069393,6,5634,0.231071835,1204.185079,0.251578931,0
40,22203,513,16,17766,72,0,182,0.336969166,2,0,0.625008488,0,1,22,6,1776,654,22480,39755,1850.25,0.71817909,4,4998,0.232744691,459.9288029,0.346941658,0
42,49736,527,19,38545,60,4,183,0.114766484,3,1,0.172672708,0,0,24,28,615,445,12481,43266,4144.666667,0.869120653,3,10424,0.252830839,1137.752692,0.318663188,0
40,52667,600,19,35591,48,0,376,0.149756824,1,3,0.25639588,0,0,29,23,2154,701,61128,11341,4388.916667,0.833780354,4,49787,0.235695757,1151.879185,0.348122168,0
23,15825,490,0,18994,36,2,519,0.18348172,5,1,0.113639231,0,0,23,16,966,159,38696,3049,1318.75,0.792840182,5,35647,0.274821239,780.3553289,0.98529314,0
48,56667,539,25,15356,36,3,678,0.414347106,2,0,0.276430628,0,0,21,21,2534,447,38367,8453,4722.25,0.71866952,7,29914,0.21231751,580.3671495,0.266476182,0
47,52606,592,25,36055,36,0,534,0.350096978,6,0,0.176627489,0,0,26,16,903,657,139737,40901,4383.833333,0.790220473,1,98836,0.208685847,1355.943007,0.431116528,0
65,27956,540,42,25975,84,1,585,0.30104527,7,0,0.426095909,0,0,26,16,6895,1294,100550,6823,2329.666667,0.96732261,5,93727,0.255376499,666.4251746,0.537169198,0
36,23081,624,13,24333,48,0,354,0.220294719,3,2,0.436980852,0,0,30,29,1514,866,19722,8471,1923.416667,0.825509598,5,11251,0.204813407,746.716671,0.572271568,0
42,32497,630,20,16446,60,0,222,0.244715743,3,1,0.078868502,0,0,31,16,4617,4175,41865,8459,2708.083333,0.821577962,2,33406,0.185559705,422.6102613,0.238031915,0
42,38876,594,20,11051,120,0,994,0.044439199,2,1,0.413671017,0,0,25,12,6641,192,66734,30973,3239.666667,0.774839421,3,35761,0.311104981,300.4284021,0.399556045,0
38,55313,612,15,17526,12,1,272,0.345050969,1,1,0.125392195,0,0,21,10,364,523,54157,9787,4609.416667,0.790628932,8,44370,0.188501509,1613.883056,0.409137032,0
42,70459,607,22,20544,84,1,412,0.123076382,3,1,0.328994605,0,0,21,4,3025,1318,61017,38282,5871.583333,0.947986272,5,22735,0.237513939,503.7153356,0.155957139,0
34,44975,462,12,35781,36,3,309,0.395221872,5,1,0.029841811,0,0,25,28,2128,652,89673,25450,3747.916667,0.770396982,4,64223,0.296443622,1511.998495,0.485869526,0
42,61100,554,21,52287,24,5,205,0.045702944,5,0,0.207180169,0,0,29,25,4874,1238,179297,39097,5091.666667,0.84477417,5,140200,0.242547674,2771.124163,0.584508837,0
52,57865,575,28,33488,48,0,917,0.750180921,1,2,0.31159498,0,0,21,4,1512,1228,16138,17833,4822.083333,0.818056409,4,6506,0.24600677,1102.920538,0.418889596,0
27,44921,546,3,22941,60,1,521,0.222701893,3,0,0.598544307,0,0,24,22,908,2483,27723,24893,3743.416667,0.780037481,5,2830,0.2039528,612.8528222,0.302892497,0
41,26230,546,20,28973,48,2,589,0.475538328,2,0,0.260728894,0,0,28,27,1995,1381,95525,34960,2185.833333,0.782241835,8,60565,0.242077337,947.9033928,0.703120119,0
31,55082,542,9,32621,72,2,474,0.128370895,2,1,0.337756744,0,0,22,17,726,425,112258,31404,4590.166667,0.903013592,7,80854,0.283128866,946.1732305,0.309394698,0
54,74215,638,30,64916,84,0,607,0.512183998,2,2,0.480067449,0,0,24,24,94,1259,35965,125280,6184.583333,0.674780018,3,10538,0.236684202,1588.271723,0.35495871,0
43,113456,595,21,10571,36,0,447,0.04949055,0,1,0.418905855,0,0,24,16,14349,2168,94258,8352,9454.666667,0.631466125,10,85906,0.192733866,388.9535025,0.088417025,1
48,92471,596,24,20216,12,0,652,0.374214895,5,1,0.059199509,0,0,19,29,7023,207,52529,27747,7705.916667,0.913233166,6,24782,0.166822636,1840.748323,0.323484983,1
40,45172,615,17,11063,48,3,195,0.082219554,4,1,0.087075053,0,0,21,4,4743,1260,248792,51422,3764.333333,0.804964875,5,197370,0.178070507,323.8612631,0.137836163,1
68,95132,686,42,21642,48,0,359,0.216094752,3,0,0.25410737,0,0,30,4,1556,1931,24929,26910,7927.666667,0.859226889,2,9526,0.18675787,643.4016121,0.126443461,1
40,146666,579,18,25628,36,0,157,0.436684065,3,1,0.023579886,0,1,16,13,4445,20390,24835,12800,12222.16667,0.733652041,5,12035,0.223272926,983.0895523,0.093280478,1
46,117618,638,22,9370,72,2,173,0.132711007,2,0,0.526726216,0,0,22,19,670,803,124069,147703,9801.5,0.8419719,2,9418,0.195766786,222.1447149,0.040314719,1
53,118872,633,27,15555,48,3,566,0.160637172,2,0,0.084763975,0,0,26,1,2288,679,240840,20117,9906,0.948019638,5,220723,0.211515241,482.9400094,0.105889361,1
48,183810,521,26,14931,96,2,375,0.606106522,2,0,0.338169542,0,0,20,19,15718,1218,16936,28355,15317.5,0.906309264,6,7225,0.309156563,421.3198405,0.051987585,1
48,108049,523,27,17413,60,2,524,0.443072719,4,0,0.723636782,0,0,30,4,1617,515,48384,64051,9004.083333,0.855974338,2,10270,0.267602514,529.2192843,0.116971295,1
58,130696,601,34,28585,60,1,314,0.165268501,3,0,0.21570297,0,0,32,6,2091,357,65079,5258,10891.33333,0.92295769,4,59821,0.204331393,764.2332532,0.098999197,1
22,53508,509,2,13531,24,2,497,0.082390467,3,1,0.372443755,0,0,31,23,20916,413,136876,5872,4459,0.858557472,10,131004,0.195069875,685.4166053,0.265175287,1
42,118021,596,17,22507,60,1,313,0.085925405,4,0,0.250818276,0,1,39,20,9088,3385,52419,14141,9835.083333,0.88749855,4,38278,0.213012673,612.7104425,0.094123294,1
40,117545,512,18,10260,48,4,220,0.399049221,3,0,0.433366872,0,0,22,17,3898,315,99134,17987,9795.416667,0.966836765,6,81147,0.268612162,350.9291859,0.058285339,1
55,153804,624,32,13972,120,3,432,0.396320495,4,0,0.208883866,0,0,23,23,5534,708,47864,7708,12817,0.690155391,6,40156,0.284025496,351.9496699,0.061164833,1
53,131352,586,31,18768,48,4,665,0.316281792,3,2,0.324453263,0,0,20,27,997,9811,34263,30410,10946,0.780158103,6,3853,0.232643169,604.2631705,0.115956803,1
24,79727,513,0,19215,12,1,288,0.111574951,3,1,0.266866461,0,0,21,7,3070,1728,157678,12621,6643.916667,0.901794732,2,145057,0.236705029,1813.900066,0.316364604,1
39,163935,561,19,16862,72,3,729,0.149676062,3,1,0.166727464,0,0,28,26,3768,44,74140,9108,13661.25,0.746869491,3,65032,0.250957763,455.2061688,0.086683588,1
29,60413,559,9,36182,36,0,405,0.04557804,3,2,0.26048584,0,0,21,28,6772,266,287521,24202,5034.416667,0.87797318,4,263319,0.197926274,1340.832765,0.346779554,1
40,49272,545,18,13651,72,0,151,0.342064008,1,0,0.31797294,0,0,26,16,13408,5136,248610,15785,4106,0.832469557,2,232825,0.262766203,378.4849078,0.128953947,1
37,56078,588,17,30608,36,1,225,0.375275669,2,0,0.257253347,0,0,27,22,689,707,356950,42494,4673.166667,0.925917645,6,314456,0.19760453,1133.770526,0.290760125,1
58,85176,627,34,21700,12,0,402,0.449863392,4,2,0.055625331,0,0,21,19,12751,236,86768,264619,7098,0.88731888,2,3676,0.154413631,1963.127609,0.333210427,1
22,220956,571,0,29985,60,4,346,0.276400742,2,0,0.125909014,0,1,30,29,1920,1141,58495,14182,18413,0.892860872,9,44313,0.245792427,872.7182752,0.066187926,1
20,69743,517,0,14922,84,3,91,0.123438393,5,1,0.461575087,0,0,22,11,831,371,150744,13884,5811.916667,0.941840689,10,136860,0.23424998,362.8055064,0.078081902,1
61,56205,606,39,12502,24,1,189,0.063783783,1,2,0.255678589,0,0,26,2,10188,645,21929,58398,4683.75,0.775717021,8,4163,0.151278595,606.9398204,0.169936444,1
36,127578,595,14,24135,84,1,777,0.408871438,2,0,0.126395613,0,0,17,9,4639,289,10774,8693,10631.5,0.892620824,7,2081,0.261113008,628.1490616,0.132168467,1
39,60356,619,16,16433,72,4,889,0.15195973,3,0,0.120603102,0,0,21,9,9476,25,688031,24310,5029.666667,0.720090983,5,663721,0.23749655,430.1348587,0.262270831,1
57,176963,632,34,24882,72,2,338,0.142475037,2,2,0.377505972,0,0,20,10,876,2994,608571,21295,14746.91667,0.67712829,11,587276,0.267411714,697.0781572,0.070189463,1
18,137037,529,0,24641,48,2,180,0.181542089,1,1,0.300428093,0,0,18,3,2070,2390,225133,16422,11419.75,0.805836182,5,208711,0.241301543,805.1158747,0.086264224,1
31,81776,612,10,14455,108,1,311,0.384936493,1,0,0.057025056,0,0,31,6,2343,3016,113194,72736,6814.666667,0.869060312,7,40458,0.242914321,330.5659031,0.094144869,1
48,99375,577,28,32591,48,1,329,0.216962408,1,0,0.087734212,0,0,24,4,1600,1210,47146,10746,8281.25,0.655838672,10,36400,0.219172903,1025.351718,0.163544358,1
63,197055,587,44,25115,24,5,262,0.307764684,3,1,0.325549368,0,1,22,8,819,1479,69933,9347,16421.25,0.684489195,5,60586,0.196667084,1274.162601,0.093547239,1
29,87731,588,3,9273,36,0,261,0.669126075,1,1,0.065894003,0,0,33,7,17566,623,97476,21371,7310.916667,0.896782101,7,76105,0.219691668,353.9921761,0.084119708,1
45,172033,646,22,16747,48,0,182,0.187446022,4,2,0.114235598,0,1,23,15,6554,567,18595,21391,14336.08333,0.844902446,4,2317,0.185411777,496.6916286,0.047341496,1
27,142853,576,4,32744,60,0,784,0.22929784,2,0,0.351604567,0,0,33,19,10402,1553,47539,29076,11904.41667,0.95608787,3,18463,0.248420684,958.0503432,0.146336473,1
34,65426,561,12,10881,36,1,388,0.327787297,5,1,0.190472764,0,0,23,19,1495,323,8848,14029,5452.166667,0.786825416,5,8217,0.195257032,401.7521752,0.14485107,1
26,139251,576,3,11526,60,3,390,0.308084665,4,0,0.076705799,0,0,29,3,7610,853,124824,68032,11604.25,0.854102343,4,56792,0.21878829,317.5420179,0.060972662,1
48,23417,530,27,13516,24,0,223,0.070461568,4,1,0.50835689,0,0,28,29,4438,687,222358,31258,1951.416667,0.917518309,4,191100,0.196094493,685.3316819,0.465472955,1
45,54463,533,23,20924,48,2,376,0.131496682,1,1,0.290045234,0,0,23,1,7011,1851,119099,37243,4538.583333,0.863649364,6,81856,0.228151432,668.5275773,0.230143968,1
32,154395,432,9,26979,60,0,236,0.371075651,2,1,0.811771986,0,0,23,2,909,1233,48524,104735,12866.25,0.664821711,8,6140,0.324838782,914.4672538,0.089417449,1
57,43944,614,30,16187,48,2,301,0.411892108,3,0,0.716073196,0,0,21,26,1649,1767,106208,4526,3662,0.783300648,9,101682,0.217309122,507.6271203,0.220815707,1
60,61394,624,37,10882,36,2,408,0.069146748,1,0,0.177242044,0,0,19,13,15633,1893,34251,7105,5116.166667,0.710563782,3,27146,0.168002343,386.8919534,0.155368659,1
51,61357,552,30,15238,48,0,401,0.49832745,4,1,0.213094376,0,0,29,27,1647,3900,53819,26139,5113.083333,0.783325934,3,27680,0.217553217,478.0677669,0.171925179,1
41,116216,621,21,39842,60,5,1389,0.205757994,3,2,0.636735988,0,0,19,2,2825,897,299585,3652,9684.666667,0.658460497,4,295933,0.2211809,1103.069439,0.257321137,1
30,178683,496,8,21133,84,3,287,0.128971264,3,0,0.548786691,0,0,27,12,1993,2960,156406,48121,14890.25,0.621204957,5,108285,0.281712611,578.4895634,0.058124582,1
46,160633,636,28,18751,60,0,463,0.103135326,6,0,0.121955411,0,0,27,24,1644,942,23444,7885,13386.08333,0.687279917,4,15559,0.217766506,515.5038578,0.073098593,1
52,60084,552,33,19529,48,3,331,0.329919905,3,3,0.263724286,0,0,21,11,1994,3153,1585716,15024,5007,0.795594163,7,1570692,0.23762704,634.1220346,0.192754551,1
47,120729,623,26,26787,36,3,645,0.450322851,3,1,0.584672336,0,1,28,1,3159,485,45459,1384,10060.75,0.567957187,4,44075,0.169129162,953.8690612,0.158921458,1
50,130124,619,25,12170,84,3,985,0.281895411,4,0,0.191169025,0,0,21,4,847,200,60076,9084,10843.66667,0.792773306,0,50992,0.241590702,301.5296981,0.11864342,1
48,89975,639,21,14704,72,1,250,0.247869708,3,0,0.510750841,0,1,21,8,4373,1076,6763,44967,7497.916667,0.943551029,7,2373,0.176129597,332.1565669,0.077642443,1
50,76643,532,27,14833,36,3,137,0.300236573,3,0,0.30202776,0,0,19,28,2351,2081,292363,41034,6386.916667,0.621514672,4,251329,0.255587801,594.1499609,0.114476202,1
32,70125,561,13,19798,36,3,102,0.272547597,5,2,0.574773342,0,0,22,14,16843,869,59463,38582,5843.75,0.527421332,8,20881,0.21043993,746.3382489,0.145170182,1
45,49817,527,23,13637,48,1,191,0.164113796,2,2,0.173477707,0,0,19,7,2659,117,282341,28087,4151.416667,0.740655513,4,254254,0.225174564,433.4884862,0.150427802,1
18,170294,539,0,15941,60,0,485,0.228704358,4,1,0.378454925,0,0,14,2,3189,4356,96113,17890,14191.16667,0.85042675,7,78223,0.265342442,482.3358118,0.068164643,1
52,122919,647,32,35147,108,2,215,0.208508889,4,1,0.136276897,0,0,23,4,3701,520,22770,44543,10243.25,0.724442342,7,3311,0.220281903,750.4076472,0.094248178,1
54,103990,650,33,30065,24,3,265,0.138101876,4,1,0.182323682,0,0,31,23,591,152,60739,48328,8665.833333,0.891407865,4,12411,0.165710208,1480.292005,0.201399212,1
26,45898,515,3,18022,36,2,721,0.666627584,4,0,0.304994995,0,0,32,24,4705,1878,246401,30841,3824.833333,0.79916324,8,215560,0.1964176,666.4770287,0.362754899,1
33,86832,574,11,11310,72,2,182,0.573204248,4,0,0.225277422,0,0,22,23,3766,1024,42366,5440,7236,0.852992229,3,36926,0.231576993,292.0001227,0.065505821,1
28,71152,596,5,8435,24,0,602,0.603290956,2,1,0.560478451,0,0,24,18,248,823,34850,4636,5929.333333,0.882804088,7,30214,0.176121029,419.5305846,0.172284223,1
40,68890,566,20,17071,48,0,249,0.28515351,4,0,0.328760614,0,0,16,12,2113,845,100542,15024,5740.833333,0.836253178,6,85518,0.234427472,551.2999723,0.139404843,1
37,56482,621,18,15054,72,2,1116,0.076371818,5,3,0.378321452,0,0,18,22,8908,2329,340850,42631,4706.833333,0.811760819,4,298219,0.1756432,339.6511679,0.309263376,1
28,64797,530,9,8475,84,4,539,0.542567643,4,3,0.181968892,0,0,24,17,4231,1542,134167,4662,5399.75,0.956763049,11,129505,0.255817292,217.6783632,0.14013211,1
32,145841,593,10,23408,48,1,137,0.250569921,5,3,0.355461629,0,0,30,29,7328,699,13549,31879,12153.41667,0.865083017,9,10990,0.252294593,779.1408047,0.075381338,1
38,94828,528,14,11330,60,0,140,0.266476325,4,1,0.164420452,1,0,23,2,4679,4553,489065,2419,7902.333333,0.745086135,5,486646,0.255901963,336.4821914,0.060296392,1
42,70613,650,20,9788,24,0,352,0.117264221,4,1,0.05320005,0,0,25,24,10879,694,66564,43523,5884.416667,0.931044196,5,23041,0.147872145,473.5983663,0.140302499,1
36,62585,606,17,8294,72,4,179,0.570272908,1,1,0.170473925,0,0,34,8,1473,401,108882,41214,5215.416667,0.9749959,5,67668,0.203620684,200.4092738,0.072747644,1
60,124263,625,34,32616,12,1,301,0.133382981,3,2,0.147550114,0,0,18,6,1997,4157,190082,84248,10355.25,0.624397619,4,105834,0.193947524,3011.927165,0.319927299,1
56,49079,573,35,12479,36,1,212,0.129522742,0,1,0.191165541,0,0,31,19,1588,613,49915,34892,4089.916667,0.876190113,2,15023,0.197449224,462.1440675,0.164830759,1
28,97102,627,7,35997,84,0,492,0.138078441,7,3,0.210207771,0,0,25,27,2392,2677,166627,12339,8091.833333,0.659789371,10,154288,0.241141935,890.8558248,0.170895243,1
52,107917,666,26,24706,96,0,402,0.401781718,3,1,0.60553753,0,0,27,22,27601,1311,148312,13518,8993.083333,0.585627696,4,134794,0.231712639,567.5535363,0.107811025,1
54,50776,648,30,11255,60,1,661,0.419721521,1,1,0.511176171,0,0,25,19,9351,3424,30629,31023,4231.333333,0.79412374,7,2796,0.189642116,291.7393122,0.225162907,1
37,77980,509,11,10486,60,3,1080,0.335404876,0,1,0.13203629,0,0,19,3,3931,1159,279305,3879,6498.333333,0.788881935,4,275426,0.255777176,311.3396382,0.214107151,1
39,225011,629,17,36326,60,2,365,0.265256949,9,0,0.503120872,0,1,18,7,3104,1656,191577,24942,18750.91667,0.859317861,6,166635,0.190662447,943.6410539,0.069790778,1
53,98660,629,28,21283,12,1,351,0.177649356,4,0,0.334861114,0,1,27,20,3251,669,444783,24399,8221.666667,0.505351755,5,420384,0.195040443,1966.491892,0.281876168,1
37,70820,524,18,10618,48,3,334,0.201831987,6,2,0.364640297,0,0,31,21,1414,530,59276,39217,5901.666667,0.700874484,8,20059,0.205956716,326.4890002,0.111915674,1
38,133379,561,15,23119,36,1,712,0.279433855,0,3,0.138401226,0,0,23,19,1091,1562,35854,13686,11114.91667,0.801842921,8,22168,0.2138865,875.630034,0.142837781,1
49,64137,524,27,24910,36,4,337,0.118620257,1,5,0.51693871,0,0,25,29,15224,307,406492,16629,5344.75,0.637727472,1,389863,0.20006955,925.8331387,0.236275436,1
20,65439,564,0,9010,12,3,476,0.65796341,4,0,0.113332471,0,0,27,11,1442,481,173338,6143,5453.25,0.678999007,2,167195,0.19674753,833.235017,0.24008344,1
43,181768,520,22,13400,12,0,365,0.138796322,4,1,0.419464684,0,0,24,8,6220,1055,60440,2975,15147.33333,0.821317682,6,57465,0.198664146,1240.445827,0.105988677,1
48,151233,613,29,27861,36,1,365,0.182050719,6,0,0.356619678,0,0,25,6,9485,1329,28420,23469,12602.75,0.856693473,3,4951,0.178018221,1004.474235,0.108664715,1
33,67134,539,11,15562,24,1,278,0.073890383,3,1,0.532006594,0,0,18,21,889,1323,60119,4008,5594.5,0.82423772,5,56111,0.218452996,806.1394685,0.19378666,1
40,99041,469,18,17339,60,1,428,0.314359277,2,4,0.266539079,0,0,24,11,1638,1693,63199,10010,8253.416667,0.655718607,10,53189,0.261295024,520.4679618,0.114918221,1
52,118693,619,34,29315,96,0,296,0.186016462,4,2,0.075424513,0,0,20,4,7143,581,49885,36954,9891.083333,0.662955448,7,12931,0.260305036,728.7721138,0.10360565,1
48,142990,647,27,29411,60,0,566,0.11340483,4,1,0.076449484,0,0,24,29,5171,1271,57343,42938,11915.83333,0.604665521,8,14405,0.236742262,840.5424316,0.118039787,1
57,96244,667,38,20241,60,1,633,0.107432311,0,1,0.087150102,0,1,26,23,483,4146,229721,91999,8020.333333,0.866996497,8,137722,0.198311812,534.3631682,0.145550455,1
35,82896,626,17,13201,84,3,336,0.2429329,2,0,0.26460141,0,0,15,5,14047,1038,179041,5328,6908,0.666570397,5,173713,0.1801608,277.5809124,0.088821788,1
18,114954,641,0,32734,108,0,240,0.0775897,4,3,0.683342068,0,0,26,20,859,459,98067,6031,9579.5,0.957988842,3,92036,0.242417538,747.4763315,0.103082241,1
34,47130,533,8,12060,12,0,208,0.199879211,2,0,0.415061489,0,0,19,2,444,590,91237,10100,3927.5,0.659709426,5,81137,0.18832106,1110.442211,0.335695025,1
57,59349,618,33,8979,60,4,558,0.334781679,4,0,0.488519336,0,0,20,12,3252,2280,33196,46855,4945.75,0.916673334,9,7599,0.18465448,230.2871836,0.159386783,1
24,91443,472,6,32288,36,1,667,0.211865281,2,2,0.081079408,0,0,18,10,1508,764,466845,78078,7620.25,0.811028285,4,388767,0.235278673,1258.760119,0.252716134,1
51,112753,646,26,35892,60,1,909,0.155379094,3,0,0.148033107,0,0,19,24,11036,6611,52495,93923,9396.083333,0.674467865,4,3886,0.205513313,961.9624811,0.199121529,1
36,86406,556,12,9873,48,0,222,0.30927445,7,3,0.85826468,0,0,22,4,5402,2011,72779,18674,7200.5,0.851515564,7,54105,0.238490392,321.0545115,0.075419,1
42,122384,480,21,16047,24,3,203,0.101734052,3,1,0.214166604,0,0,28,14,2233,1164,30139,12054,10198.66667,0.604360627,5,18085,0.228681133,839.3840828,0.102207878,1
44,170747,623,19,20811,48,0,877,0.289438418,4,3,0.176111735,0,0,23,19,1687,3545,118338,39430,14228.91667,0.678566901,5,78908,0.1634488,593.4719215,0.103343913,1
47,37208,569,26,36875,72,0,829,0.871500718,2,0,0.426258312,0,0,21,12,15856,2437,1048051,12289,3100.666667,0.869612374,4,1035762,0.253917364,1002.190699,0.590579671,1
26,198662,514,5,14577,72,0,280,0.195313284,3,1,0.460421453,0,0,24,3,14260,1004,43559,101744,16555.16667,0.822601316,3,2405,0.287180748,426.5615051,0.042679214,1
45,215917,531,26,28124,24,0,296,0.074837583,3,1,0.403780725,0,0,22,12,7440,1600,122888,13619,17993.08333,0.702243666,3,109269,0.228435508,1470.763299,0.098191248,1
46,52593,603,26,18548,60,1,365,0.08099749,3,0,0.771525166,0,0,20,18,7772,1596,56221,18733,4382.75,0.906359064,2,37488,0.20590042,497.5178142,0.196798315,1
45,51058,529,23,15799,24,1,555,0.268975913,4,0,0.295752636,0,0,29,13,2409,5721,105729,18830,4254.833333,0.961011481,2,86899,0.194269622,799.6869355,0.318387779,1
44,88116,592,23,10805,48,2,527,0.262226961,6,0,0.256475218,0,0,24,20,6609,1068,52539,90573,7343,0.817948773,4,3251,0.204741843,331.5360455,0.116918977,1
29,101896,498,7,33595,36,2,302,0.551005292,3,3,0.145586305,0,0,20,25,1825,327,636035,16800,8491.333333,0.921852514,6,619235,0.243626081,1324.432297,0.191540272,1
51,117775,551,29,22423,60,0,428,0.154620295,3,3,0.115318909,0,0,35,20,6605,1198,221019,35001,9814.583333,0.873245305,5,186018,0.283996548,703.5747473,0.115295241,1
41,90395,611,19,16945,36,1,282,0.135577995,3,0,0.247670764,0,0,27,14,3795,1317,45919,19909,7532.916667,0.865149787,2,26010,0.190652332,621.6952761,0.119966185,1
43,91388,521,21,19755,48,0,476,0.512945759,0,3,0.172810944,0,0,19,21,2187,438,53758,22791,7615.666667,0.796446244,6,30967,0.261319577,667.5528478,0.150157944,1
35,162896,634,13,23968,72,2,366,0.619451012,7,1,0.337875974,0,0,21,23,2000,19063,139229,7103,13574.66667,0.662585135,5,132126,0.246839976,640.9905372,0.074181603,1
40,233904,517,15,14528,24,0,238,0.36632147,4,0,0.254281372,0,0,21,25,3461,480,43421,19567,19492,0.842493736,4,23854,0.236194255,765.3545069,0.051475195,1
22,145383,594,0,21986,60,0,255,0.390971125,3,0,0.55867698,1,0,16,7,9106,1209,68596,104787,12115.25,0.919759597,6,9119,0.205952954,589.8008665,0.06973037,1
57,83147,564,36,26302,48,0,392,0.557739643,7,0,0.278143185,0,0,20,25,2092,2754,228078,13565,6928.916667,0.567537418,5,214513,0.210515542,815.1892185,0.174224814,1
51,73096,513,29,16142,60,2,143,0.440098192,4,1,0.445460701,0,0,17,20,3292,3120,136610,35669,6091.333333,0.832084127,2,100941,0.236264369,460.8790426,0.099137415,1
44,85885,600,19,18992,60,2,293,0.423404285,3,1,0.369624415,0,0,25,2,2316,36,70240,3508,7157.083333,0.863137397,7,66732,0.199903045,503.0693883,0.111228185,1
37,213870,537,11,9641,60,1,672,0.38918172,4,1,0.180133684,0,0,26,13,10908,481,15924,25420,17822.5,0.868626057,11,5226,0.275920938,297.8124214,0.054415061,1
54,98703,630,31,7898,24,0,1337,0.268842229,3,2,0.094198021,0,0,22,27,9305,1340,104444,54900,8225.25,0.854686249,5,49544,0.171689212,391.136354,0.210101377,1
34,69500,610,13,25151,72,1,308,0.304195051,2,2,0.217579373,0,0,23,28,4126,1095,325893,12541,5791.666667,0.956380358,8,313352,0.234672263,654.0354569,0.166106841,1
32,63250,578,13,13788,60,1,261,0.07100047,1,2,0.200300792,0,0,26,20,3867,974,56246,25227,5270.833333,0.758545101,5,31019,0.189372337,357.1922991,0.117285495,1
25,77050,580,2,19071,24,5,752,0.157102494,2,2,0.385027622,0,0,16,28,732,4482,36237,59489,6420.833333,0.702241315,4,3411,0.200623239,971.2145929,0.268378652,1
48,44220,672,24,19651,60,0,673,0.177942175,5,2,0.389009043,0,0,29,22,20310,531,140853,14162,3685,0.823874978,4,126691,0.158718906,476.5375543,0.31195049,1
45,79750,537,24,14730,60,4,616,0.320098931,4,1,0.183572512,0,1,19,18,1548,642,192345,17527,6645.833333,0.935144784,2,174818,0.230435544,415.6143209,0.155227233,1
49,161912,656,27,12639,48,1,1006,0.312967163,2,1,0.233470725,0,0,26,13,13349,586,24907,92527,13492.66667,0.853173413,7,9915,0.201712735,385.7636468,0.103149635,1
41,83829,579,21,17569,12,0,371,0.302852499,3,0,0.260802416,0,0,18,2,27618,664,108851,67858,6985.75,0.804885349,6,40993,0.191862686,1620.66118,0.285103415,1
56,60989,668,34,17596,24,3,443,0.184697256,2,4,0.302273741,0,0,23,8,1203,1051,25870,93063,5082.416667,0.848213204,7,5640,0.139686479,844.5740998,0.25333895,1
48,88438,647,27,23488,72,0,156,0.254227222,4,2,0.340896773,0,0,20,29,780,622,195028,80300,7369.833333,0.792795719,2,114728,0.247925669,629.7140353,0.106612185,1
34,55296,516,11,12547,48,0,270,0.192959784,3,1,0.429045161,0,0,26,25,2286,307,92794,10822,4608,0.757657155,9,81972,0.206870944,386.41801,0.142451825,1
43,72838,580,21,11517,60,0,504,0.213690981,4,2,0.371380716,0,0,16,20,5118,1395,57488,5555,6069.833333,0.929095742,10,51933,0.233066204,326.7017617,0.136857425,1
60,53525,646,36,15336,84,0,152,0.252929733,1,0,0.343468557,0,0,25,4,20244,1470,36843,3564,4460.416667,0.750840391,7,33279,0.20013973,340.6833144,0.110456792,1
44,82271,574,19,10649,96,2,202,0.381655267,4,1,0.545875355,0,0,24,17,1769,8339,21728,15839,6855.916667,0.705628952,3,5889,0.229743306,243.271708,0.064947071,1
52,136609,628,30,18358,36,3,431,0.279236464,3,3,0.093607356,0,0,37,10,3779,1018,152563,55384,11384.08333,0.774013723,9,97179,0.164649062,649.6343475,0.094925021,1
50,110135,547,26,12080,36,2,719,0.392465014,3,1,0.319588471,0,0,23,26,3872,1228,40894,49783,9177.916667,0.852904101,4,4662,0.214641837,457.9989091,0.128242492,1
42,119562,472,19,22194,60,0,391,0.488625582,0,1,0.058297057,0,0,16,18,28652,2305,30957,5079,9963.5,0.936585962,4,25878,0.265151443,671.2841302,0.106617567,1
28,125522,645,5,17615,24,4,267,0.50870614,3,1,0.12183113,0,0,18,25,280,2202,294957,44414,10460.16667,0.874283613,6,250543,0.20267916,898.8367299,0.11145489,1
45,63382,618,25,7330,12,4,246,0.363660106,5,2,0.161009151,0,0,31,7,1921,527,65578,54046,5281.833333,0.689389261,6,11532,0.184002122,673.4112555,0.174070478,1
46,151706,586,22,20576,48,0,593,0.288582396,4,0,0.477419028,0,1,20,6,10997,282,29916,21895,12642.16667,0.694146256,4,8021,0.227429252,656.5963795,0.09884353,1
44,46225,563,21,15715,60,1,476,0.428127896,5,0,0.187680967,0,0,24,16,1769,668,48088,9049,3852.083333,0.951129199,4,39039,0.20116344,417.3693555,0.231918491,1
36,105048,616,16,28596,24,1,324,0.039730984,3,0,0.527616335,0,0,25,15,5095,1028,125529,8800,8754,0.783186492,4,116729,0.185808951,1435.668729,0.201013106,1
36,44265,578,15,18415,72,1,231,0.17420986,1,2,0.165260521,0,0,23,26,7507,315,191574,9378,3688.75,0.475086132,7,182196,0.229953819,473.6400048,0.191024061,1
44,120730,626,23,24396,36,0,419,0.20750773,5,0,0.114152113,0,0,15,18,6945,293,114442,18905,10060.83333,0.976562644,8,95537,0.198701149,905.0290611,0.131602325,1
47,105691,534,23,14828,36,0,269,0.151893477,5,1,0.152415077,0,0,29,9,119,362,86946,196480,8807.583333,0.896666726,5,9297,0.248782925,588.6046465,0.097371165,1
47,31963,564,23,14026,36,1,277,0.12840883,3,0,0.072344859,0,0,22,24,6887,5541,517063,42290,2663.583333,0.891301456,7,474773,0.246486599,555.0683258,0.312386819,1
64,72147,582,39,11838,36,3,822,0.173292335,5,5,0.685391738,0,0,21,29,3858,480,43487,7004,6012.25,0.919692977,4,36483,0.221112104,452.7799386,0.212030428,1
52,47227,666,32,16034,48,2,296,0.428541352,4,0,0.157489286,0,0,23,2,1431,1312,290103,9968,3935.583333,0.939087998,5,280135,0.170981655,463.4764749,0.19297685,1
42,117906,565,17,25914,24,2,738,0.357459362,2,1,0.011039589,0,0,23,29,224,640,162646,8866,9825.5,0.765162219,8,153780,0.211071242,1332.97167,0.210775194,1
35,70050,585,13,13369,36,2,371,0.009213674,3,0,0.259300849,0,0,36,25,12658,4827,89395,21362,5837.5,0.697554487,2,68033,0.205907722,500.8733433,0.149357318,1
45,148312,609,21,15563,60,4,333,0.250302662,5,0,0.602583279,0,0,25,25,1510,841,52886,32515,12359.33333,0.717425367,3,20371,0.241562346,449.1282891,0.063282401,1
44,164964,553,22,18358,84,3,420,0.115076164,4,2,0.677416208,0,0,17,5,7402,1109,25717,78801,13747,0.878478186,8,7996,0.249410416,463.9792079,0.064303427,1
50,37431,641,27,17662,48,3,350,0.317407718,2,1,0.129258487,0,0,28,22,1022,339,298634,5209,3119.25,0.881444781,3,293425,0.184977606,523.4264398,0.280011682,1
40,69714,607,21,16565,36,1,144,0.077587397,3,4,0.189052747,0,0,23,22,2890,1791,46072,41061,5809.5,0.57117557,6,5011,0.21125787,625.1578332,0.132396563,1
52,113879,591,28,24416,72,4,131,0.024417373,3,2,0.292146474,0,0,26,20,2718,879,40085,6398,9489.916667,0.856730403,8,33687,0.23799615,639.8290816,0.081226117,1
34,154135,587,14,16797,84,2,576,0.293877982,2,0,0.284993254,0,0,23,23,1179,868,399427,22401,12844.58333,0.791931026,3,377026,0.244020364,418.7589421,0.077445793,1
54,61353,571,29,18746,36,0,408,0.225051344,2,1,0.309827427,0,0,17,17,3555,572,16353,69399,5112.75,0.70253313,4,9907,0.175942071,673.9028748,0.211608797,1
46,67253,604,22,10160,24,0,582,0.318960272,4,1,0.210827619,0,0,22,16,1192,325,287231,107244,5604.416667,0.675989818,7,179987,0.196612658,515.4216532,0.195813716,1
63,84879,596,41,8619,24,2,501,0.079363863,1,0,0.34686302,0,1,15,22,2427,2113,34876,20241,7073.25,0.892377729,9,14635,0.202678092,439.7993667,0.133008075,1
33,373724,639,11,13107,96,0,347,0.593751253,1,1,0.391852541,0,0,22,15,2766,1513,38026,14933,17111.83333,0.556760498,7,23093,0.221695006,292.6229059,0.037378982,1
35,67786,580,14,6977,12,0,597,0.23276881,2,0,0.640795826,0,0,19,16,3859,379,227079,19255,5648.833333,0.775334954,5,207824,0.17718978,638.7185619,0.218756421,1
42,58438,637,18,7873,60,1,294,0.087103728,3,2,0.062380067,0,0,18,29,5448,1037,80664,28874,4869.833333,0.840080065,5,51790,0.17960986,199.7553989,0.101390615,1
26,128106,601,6,37630,48,0,271,0.232003115,2,0,0.382093195,0,0,29,27,1118,808,39854,44894,10675.5,0.837942403,4,1720,0.244717328,1236.641229,0.141224414,1
38,74587,558,14,17066,108,3,287,0.305184731,5,1,0.335513926,0,0,23,13,3106,517,319070,7323,6215.583333,0.690966218,12,311747,0.253230955,402.313269,0.110900817,1
47,273916,628,22,12221,72,2,487,0.098032826,2,0,0.116363017,0,0,26,5,10623,727,100949,41574,22826.33333,0.869334055,4,59375,0.188148642,284.3930499,0.033793997,1
50,94763,673,29,21752,36,0,359,0.294462,5,1,0.232190218,0,0,20,28,1239,911,211923,19252,7896.916667,0.865258009,2,192671,0.172884703,778.6445949,0.144061872,1
45,142076,575,23,20256,36,3,258,0.188827893,1,0,0.708707491,0,1,31,21,1054,813,15203,8309,11839.66667,0.863212674,4,6894,0.240104982,794.8123206,0.088922463,1
33,98288,568,12,17728,36,1,659,0.363174846,3,0,0.493134048,0,0,21,11,1604,4916,52116,18189,8190.666667,0.909016829,6,33927,0.19043503,650.2279159,0.159843877,1
37,187916,552,11,12946,72,5,263,0.200736956,3,2,0.306645918,0,0,21,27,2651,894,76315,24939,15659.66667,0.881099504,10,51376,0.273372783,367.5227921,0.040264126,1
37,191232,626,14,61444,36,3,652,0.10812543,1,0,0.155466223,0,0,32,5,1716,669,32122,20472,15936,0.923924202,6,11650,0.243755469,2422.755744,0.19294401,1
50,65990,590,24,8363,96,1,221,0.371862166,2,0,0.520881419,0,0,25,10,922,987,28138,27250,5499.166667,0.949940484,14,7694,0.236669864,194.8174963,0.075614638,1
33,71048,647,11,9031,60,0,470,0.453395297,5,2,0.358515972,0,0,21,16,3445,259,44742,50229,5920.666667,0.713095285,5,8078,0.218479514,248.646293,0.121379286,1
38,85584,592,11,16896,60,0,272,0.239597003,3,0,0.084316177,0,0,19,25,4436,141,97104,33826,7132,0.998618212,11,63278,0.19651343,444.3691838,0.100444361,1
18,73872,597,0,23266,48,1,516,0.504481014,3,1,0.265949055,0,0,24,7,2808,263,294853,6979,6156,0.873250593,4,287874,0.197899663,705.3918456,0.198406733,1
36,96482,581,18,18597,84,0,201,0.105686337,7,0,0.12781523,0,0,24,16,2205,1575,43085,10524,8040.166667,0.735085873,8,32561,0.257762471,479.9895746,0.08469844,1
61,52314,663,40,17669,24,1,694,0.330551659,3,1,0.190196437,0,0,27,22,4503,3313,52632,6812,4359.5,0.70571065,5,45820,0.155726572,861.5257397,0.356812878,1
39,62069,536,19,20452,60,1,543,0.252093769,1,1,0.322381292,0,0,26,27,1875,646,223536,40306,5172.416667,0.929937693,8,183230,0.226897578,572.9118734,0.215742842,1
59,84706,647,33,12271,60,3,345,0.29082656,3,0,0.223376678,0,0,18,21,4189,7659,19280,11964,7058.833333,0.739740373,7,7316,0.184508033,314.6198496,0.093446016,1
38,270154,613,17,12392,48,2,439,0.226709614,4,1,0.502585527,0,0,17,9,2997,3223,24672,22494,22512.83333,0.667447191,5,2178,0.163610646,353.4885106,0.035201634,1
25,70346,474,1,9839,36,3,154,0.197689451,2,2,0.28411665,0,0,31,23,4952,4664,69792,67478,5862.166667,0.879199867,3,2314,0.282042206,408.062656,0.095879679,1
37,66391,545,14,16991,36,0,342,0.57195691,4,0,0.295603732,0,0,21,13,25466,2958,85577,45252,5532.583333,0.854346337,3,40325,0.223194412,651.7052292,0.179609627,1
54,137035,647,31,15553,48,3,701,0.142536364,3,0,0.197525943,0,0,25,7,3142,2011,36800,4561,11419.58333,0.919131327,2,32239,0.194192073,468.4840223,0.102410393,1
42,111111,607,20,15881,60,1,255,0.195062245,5,1,0.117959154,0,0,26,4,3821,3706,8850,8038,9259.25,0.859386356,2,2760,0.197024699,418.1245858,0.072697528,1
48,89278,590,25,23523,72,0,274,0.264962113,3,1,0.238689824,0,0,16,23,777,2352,57285,26550,7439.833333,0.790833652,3,30735,0.231925744,607.8072739,0.118525138,1
46,141109,648,25,7850,36,3,418,0.196210158,4,1,0.133417431,0,0,18,21,1176,70,287356,5687,11759.08333,0.930522388,4,281669,0.16935577,279.6222867,0.059326247,1
18,65844,623,0,13496,48,3,1114,0.197542256,3,1,0.166980968,0,0,21,19,4786,857,117557,219061,5487,0.761267112,6,2997,0.193610347,406.1076695,0.27703803,1
45,128729,538,23,14241,36,1,223,0.341962613,3,1,0.537649627,0,0,21,27,1177,1527,149535,46146,10727.41667,0.669363136,3,103389,0.190789653,522.5871228,0.069502952,1
46,56379,605,25,27501,48,3,538,0.446477608,0,5,0.082689608,0,0,27,28,238,641,676913,3452,4698.25,0.732422557,5,673461,0.232118757,884.6430022,0.302802746,1
33,64670,592,12,9983,12,0,520,0.029225001,5,1,0.290673544,0,0,29,24,2468,1945,21222,13635,5389.166667,0.883915256,2,7587,0.175032166,912.882786,0.265882069,1
21,123813,624,0,15860,48,2,1034,0.237949158,4,0,0.18061945,0,0,22,21,2851,6854,22570,25081,10317.75,0.845679864,10,4904,0.207954453,489.3726394,0.147645818,1
49,136493,643,25,22635,60,0,333,0.348673641,3,0,0.30630886,0,0,16,19,1641,345,129551,79942,11374.41667,0.799525008,6,49609,0.202151234,602.4016369,0.082237328,1
34,161967,607,7,18330,48,3,180,0.1878612,3,1,0.132244325,0,1,24,27,2293,857,64016,24092,13497.25,0.772373105,2,39924,0.223026585,580.5224449,0.056346474,1
48,39413,621,24,19386,36,1,97,0.478510148,2,1,0.210439301,0,0,28,19,7459,573,189282,4196,3284.416667,0.921560807,8,185086,0.210089571,730.4580129,0.251934543,1
41,166291,639,19,46509,72,0,320,0.539745593,3,0,0.578753051,0,0,29,13,3270,367,56364,6945,13857.58333,0.979426181,3,49419,0.1936072,1096.854927,0.102244013,1
31,129493,619,11,19190,60,2,580,0.321239233,1,2,0.483725963,0,0,27,15,3391,654,7423,12790,10791.08333,0.863299586,3,8078,0.233017992,544.3077787,0.104188592,1
37,85196,606,15,9975,60,0,387,0.583925044,2,2,0.221638048,0,0,26,18,7036,174,1432265,28899,7099.666667,0.736283579,1,1403366,0.241349782,287.7424982,0.095038617,1
43,89846,584,22,16074,60,1,364,0.041435362,3,0,0.024491072,0,0,26,23,901,219,112493,82033,7487.166667,0.776810357,3,30460,0.22982106,452.9683944,0.109115829,1
51,147299,643,30,12380,84,1,374,0.121739055,4,1,0.206733821,0,1,22,29,2506,2592,205322,51336,12274.91667,0.925522347,8,153986,0.218920802,289.1887071,0.05402796,1
60,42497,636,36,16893,84,0,335,0.124604139,5,0,0.190170886,0,0,25,14,2960,1122,372781,12141,3541.416667,0.7484559,6,360640,0.240074556,416.928122,0.212324104,1
51,114151,667,29,27964,60,4,316,0.234030066,3,0,0.342362475,0,0,20,17,2949,2599,180037,30020,9512.583333,0.838207053,6,150017,0.19598387,734.6399015,0.11044738,1
33,57102,619,13,19965,48,2,432,0.296456883,0,0,0.150755751,0,0,28,12,979,207,37284,75964,4758.5,0.749412011,6,6345,0.181974798,588.5341004,0.214465504,1
63,95359,614,38,15170,60,2,286,0.379873898,4,1,0.28648154,0,0,18,26,1063,6663,109458,67228,7946.583333,0.91648609,4,42230,0.211145271,411.3773908,0.087758142,1
50,132014,539,25,39996,36,0,401,0.251522676,2,2,0.153128122,0,0,22,24,15469,399,166031,93177,11001.16667,0.757388929,2,72854,0.252003066,1594.474225,0.18138751,1
46,99040,553,21,10255,48,1,361,0.137284529,6,1,0.529091755,0,1,21,5,3345,2447,18671,61269,8253.333333,0.976435299,3,6103,0.207980978,316.4406066,0.082080849,1
43,101292,626,19,23099,48,2,421,0.36757757,1,1,0.49871614,0,0,19,9,1272,681,2760,48706,8441,0.653643342,1,9524,0.226045298,735.3610112,0.136993367,1
20,46336,573,0,20886,36,2,640,0.41782341,5,0,0.517433236,0,0,20,29,4464,364,329306,21047,3861.333333,0.852374142,1,308259,0.198840445,774.965157,0.366444706,1
38,50143,584,14,10725,60,4,277,0.247056222,3,1,0.333445457,0,0,18,28,11142,878,176272,12812,4178.583333,0.854873291,6,163460,0.250617134,315.1810958,0.141718149,1
41,127332,507,19,15848,84,5,539,0.57221564,2,0,0.45430629,0,0,27,17,8191,300,121731,10322,10611,0.893236098,2,111409,0.25298938,404.1728463,0.08888633,1
68,151084,620,47,29957,36,0,1311,0.33150336,1,1,0.296970054,0,0,21,2,1425,1182,18065,33704,12590.33333,0.848402349,6,1874,0.182904195,1087.386706,0.190494298,1
47,105776,613,23,14319,72,2,309,0.211697036,2,1,0.483335729,0,0,24,27,630,1184,147160,57576,8814.666667,0.899042695,9,89584,0.232822064,370.7590859,0.077116823,1
